{
  "metadata": {
    "project": "Data Visualization Enhancement",
    "totalStories": 67,
    "totalPoints": 233,
    "duration": "10 weeks",
    "created": "2025-01-07",
    "version": "1.0"
  },
  "epics": [
    { "id": "E1", "name": "Technology Foundation", "stories": 8, "points": 21 },
    { "id": "E2", "name": "Design System", "stories": 10, "points": 34 },
    { "id": "E3", "name": "Primitive Components", "stories": 7, "points": 21 },
    { "id": "E4", "name": "Bar Chart Enhancement", "stories": 6, "points": 21 },
    { "id": "E5", "name": "Line Chart Enhancement", "stories": 6, "points": 21 },
    { "id": "E6", "name": "Area Chart Enhancement", "stories": 3, "points": 13 },
    { "id": "E7", "name": "Pie/Donut Enhancement", "stories": 5, "points": 13 },
    { "id": "E8", "name": "Sparklines & Small Charts", "stories": 3, "points": 13 },
    { "id": "E9", "name": "Interactive Features", "stories": 5, "points": 21 },
    { "id": "E10", "name": "Accessibility", "stories": 6, "points": 21 },
    { "id": "E11", "name": "Production Migration", "stories": 11, "points": 42 },
    { "id": "E12", "name": "Performance & Polish", "stories": 6, "points": 32 }
  ],
  "stories": [
    {
      "id": "VIZ-001",
      "title": "Technology Evaluation Spike",
      "type": "Spike",
      "priority": "Critical",
      "points": 5,
      "epic": "E1-Technology Foundation",
      "phase": "Phase 1",
      "sprint": "Sprint 1",
      "dependencies": [],
      "description": "Evaluate Visx vs Tremor vs Enhanced Recharts by building identical prototypes",
      "acceptanceCriteria": 11,
      "status": "Ready",
      "labels": ["foundation", "spike", "week1"],
      "estimatedHours": 8
    },
    {
      "id": "VIZ-002",
      "title": "Install Chosen Visualization Library",
      "type": "Task",
      "priority": "Critical",
      "points": 2,
      "epic": "E1-Technology Foundation",
      "phase": "Phase 1",
      "sprint": "Sprint 1",
      "dependencies": ["VIZ-001"],
      "description": "Install selected library with peer dependencies and verify TypeScript",
      "acceptanceCriteria": 8,
      "status": "Blocked",
      "labels": ["foundation", "setup", "week1"],
      "estimatedHours": 3
    },
    {
      "id": "VIZ-003",
      "title": "Setup Animation Library",
      "type": "Task",
      "priority": "Critical",
      "points": 3,
      "epic": "E1-Technology Foundation",
      "phase": "Phase 1",
      "sprint": "Sprint 1",
      "dependencies": [],
      "description": "Install Framer Motion and create animation utilities",
      "acceptanceCriteria": 10,
      "status": "Ready",
      "labels": ["foundation", "animation", "week1", "accessibility"],
      "estimatedHours": 5
    },
    {
      "id": "VIZ-004",
      "title": "Create Project Structure",
      "type": "Task",
      "priority": "Critical",
      "points": 2,
      "epic": "E1-Technology Foundation",
      "phase": "Phase 1",
      "sprint": "Sprint 1",
      "dependencies": ["VIZ-002"],
      "description": "Scaffold directory structure for charts-v2 system",
      "acceptanceCriteria": 7,
      "status": "Blocked",
      "labels": ["foundation", "architecture", "week1"],
      "estimatedHours": 3
    },
    {
      "id": "VIZ-005",
      "title": "Setup Testing Infrastructure",
      "type": "Task",
      "priority": "High",
      "points": 5,
      "epic": "E1-Technology Foundation",
      "phase": "Phase 1",
      "sprint": "Sprint 1",
      "dependencies": ["VIZ-004"],
      "description": "Configure Jest with visual regression and accessibility testing",
      "acceptanceCriteria": 8,
      "status": "Blocked",
      "labels": ["foundation", "testing", "week1"],
      "estimatedHours": 8
    },
    {
      "id": "VIZ-009",
      "title": "Design Tokens Definition",
      "type": "Task",
      "priority": "Critical",
      "points": 5,
      "epic": "E2-Design System",
      "phase": "Phase 1",
      "sprint": "Sprint 1",
      "dependencies": [],
      "description": "Define complete design token system for all visual properties",
      "acceptanceCriteria": 12,
      "status": "Ready",
      "labels": ["design-system", "tokens", "week1"],
      "estimatedHours": 8
    }
  ],
  "sprints": [
    {
      "sprint": 1,
      "week": "Week 1",
      "goal": "Foundation Setup",
      "points": 21,
      "stories": ["VIZ-001", "VIZ-002", "VIZ-003", "VIZ-004", "VIZ-005", "VIZ-006", "VIZ-008"]
    },
    {
      "sprint": 2,
      "week": "Week 2",
      "goal": "Design System & Primitives",
      "points": 55,
      "stories": ["VIZ-009", "VIZ-010", "VIZ-011", "VIZ-012", "VIZ-019", "VIZ-020", "VIZ-021", "VIZ-022", "VIZ-023"]
    }
  ],
  "readyToStart": [
    {
      "id": "VIZ-001",
      "title": "Technology Evaluation Spike",
      "priority": "Critical",
      "points": 5,
      "reason": "No dependencies - can start immediately"
    },
    {
      "id": "VIZ-003",
      "title": "Setup Animation Library",
      "priority": "Critical",
      "points": 3,
      "reason": "No dependencies - parallel with VIZ-001"
    },
    {
      "id": "VIZ-009",
      "title": "Design Tokens Definition",
      "priority": "Critical",
      "points": 5,
      "reason": "No dependencies - parallel with VIZ-001"
    }
  ]
}
